[
    {
        "set_num": "VP-1",
        "name": "Ice Planet Co-Pack of 6814 6879 and 6898",
        "year": "1995",
        "theme_id": "133",
        "num_parts": "0",
        "img_url": "https://cdn.rebrickable.com/media/sets/vp-1.jpg"
    },
    {
        "set_num": "VP-10",
        "name": "Star Wars Value Pack with Free LEGO Backpack",
        "year": "2003",
        "theme_id": "158",
        "num_parts": "1",
        "img_url": "https://cdn.rebrickable.com/media/sets/vp-10.jpg"
    },
    {
        "set_num": "VP-11",
        "name": "Star Wars Co-Pack",
        "year": "2000",
        "theme_id": "158",
        "num_parts": "0",
        "img_url": "https://cdn.rebrickable.com/media/sets/vp-11.jpg"
    },
    {
        "set_num": "VP-12",
        "name": "Star Wars Co-Pack",
        "year": "2000",
        "theme_id": "158",
        "num_parts": "0",
        "img_url": "https://cdn.rebrickable.com/media/sets/vp-12.jpg"
    },
    {
        "set_num": "VP-13",
        "name": "Launch Command Value Pack",
        "year": "1995",
        "theme_id": "88",
        "num_parts": "0",
        "img_url": "https://cdn.rebrickable.com/media/sets/vp-13.jpg"
    },
    {
        "set_num": "VP-14",
        "name": "Classic Town Value Pack",
        "year": "1998",
        "theme_id": "67",
        "num_parts": "0",
        "img_url": "https://cdn.rebrickable.com/media/sets/vp-14.jpg"
    },
    {
        "set_num": "VP-15",
        "name": "Adventurers Super Value Pack",
        "year": "2000",
        "theme_id": "298",
        "num_parts": "0",
        "img_url": "https://cdn.rebrickable.com/media/sets/vp-15.jpg"
    },
    {
        "set_num": "VP-17",
        "name": "Legoland Town Special Offer",
        "year": "1985",
        "theme_id": "67",
        "num_parts": "0",
        "img_url": "https://cdn.rebrickable.com/media/sets/vp-17.jpg"
    },
    {
        "set_num": "VP-2",
        "name": "Star Wars Co-Pack",
        "year": "2001",
        "theme_id": "158",
        "num_parts": "0",
        "img_url": "https://cdn.rebrickable.com/media/sets/vp-2.jpg"
    },
    {
        "set_num": "VP-3",
        "name": "Star Wars Co-Pack",
        "year": "2000",
        "theme_id": "158",
        "num_parts": "0",
        "img_url": "https://cdn.rebrickable.com/media/sets/vp-3.jpg"
    },
    {
        "set_num": "VP-4",
        "name": "Star Wars Co-Pack",
        "year": "2000",
        "theme_id": "158",
        "num_parts": "0",
        "img_url": "https://cdn.rebrickable.com/media/sets/vp-4.jpg"
    },
    {
        "set_num": "VP-5",
        "name": "UFO Value Pack",
        "year": "1997",
        "theme_id": "144",
        "num_parts": "0",
        "img_url": "https://cdn.rebrickable.com/media/sets/vp-5.jpg"
    },
    {
        "set_num": "VP-7",
        "name": "Fire Value Pack",
        "year": "1997",
        "theme_id": "94",
        "num_parts": "0",
        "img_url": "https://cdn.rebrickable.com/media/sets/vp-7.jpg"
    },
    {
        "set_num": "VP-8",
        "name": "Star Wars Co-Pack",
        "year": "2000",
        "theme_id": "158",
        "num_parts": "0",
        "img_url": "https://cdn.rebrickable.com/media/sets/vp-8.jpg"
    },
    {
        "set_num": "VPORIENT-1",
        "name": "Orient Expedition Value Pack with Free LEGO Backpack",
        "year": "2003",
        "theme_id": "300",
        "num_parts": "1",
        "img_url": "https://cdn.rebrickable.com/media/sets/vporient-1.jpg"
    },
    {
        "set_num": "vwkit-1",
        "name": "Volkswagen Kit",
        "year": "1959",
        "theme_id": "366",
        "num_parts": "22",
        "img_url": "https://cdn.rebrickable.com/media/sets/vwkit-1.jpg"
    },
    {
        "set_num": "W098-1",
        "name": "Classic Blue Link Watch",
        "year": "2006",
        "theme_id": "732",
        "num_parts": "0",
        "img_url": "https://cdn.rebrickable.com/media/sets/w098-1.jpg"
    },
    {
        "set_num": "WAHINGTONMONUMENT-1",
        "name": "Washington Monument",
        "year": "2015",
        "theme_id": "598",
        "num_parts": "36",
        "img_url": "https://cdn.rebrickable.com/media/sets/wahingtonmonument-1.jpg"
    },
    {
        "set_num": "WALLET-1",
        "name": "Minifigure Emoji Wallet (Blue)",
        "year": "2020",
        "theme_id": "501",
        "num_parts": "0",
        "img_url": "https://cdn.rebrickable.com/media/sets/wallet-1.jpg"
    },
    {
        "set_num": "WALLET-3",
        "name": "Ninjago Wallet",
        "year": "2019",
        "theme_id": "501",
        "num_parts": "0",
        "img_url": "https://cdn.rebrickable.com/media/sets/wallet-3.jpg"
    },
    {
        "set_num": "WAND-1",
        "name": "LEGOLAND Lighted Princess Wand",
        "year": "2021",
        "theme_id": "737",
        "num_parts": "0",
        "img_url": "https://cdn.rebrickable.com/media/sets/wand-1.jpg"
    },
    {
        "set_num": "WATCH-1",
        "name": "Click & Build Watch",
        "year": "2007",
        "theme_id": "732",
        "num_parts": "46",
        "img_url": "https://cdn.rebrickable.com/media/sets/watch-1.jpg"
    },
    {
        "set_num": "WATCH-2",
        "name": "Watch System Astro (UFO Space)",
        "year": "1997",
        "theme_id": "732",
        "num_parts": "43",
        "img_url": "https://cdn.rebrickable.com/media/sets/watch-2.jpg"
    },
    {
        "set_num": "WATCH-3",
        "name": "Watch System Voyager (UFO Space)",
        "year": "1997",
        "theme_id": "732",
        "num_parts": "29",
        "img_url": "https://cdn.rebrickable.com/media/sets/watch-3.jpg"
    },
    {
        "set_num": "WATFORD-1",
        "name": "The LEGO Store Watford Grand Opening",
        "year": "2013",
        "theme_id": "408",
        "num_parts": "15",
        "img_url": "https://cdn.rebrickable.com/media/sets/watford-1.jpg"
    },
    {
        "set_num": "WAUWATOSA-1",
        "name": "\"LEGO Store Grand Opening Exclusive Set, Mayfair, Wauwatosa, WI\"",
        "year": "2012",
        "theme_id": "408",
        "num_parts": "15",
        "img_url": "https://cdn.rebrickable.com/media/sets/wauwatosa-1.jpg"
    },
    {
        "set_num": "WEETABIX1-1",
        "name": "Weetabix Castle",
        "year": "1970",
        "theme_id": "414",
        "num_parts": "471",
        "img_url": "https://cdn.rebrickable.com/media/sets/weetabix1-1.jpg"
    },
    {
        "set_num": "WEETABIX2-1",
        "name": "Windmill",
        "year": "1976",
        "theme_id": "413",
        "num_parts": "126",
        "img_url": "https://cdn.rebrickable.com/media/sets/weetabix2-1.jpg"
    },
    {
        "set_num": "WEETABIX3-1",
        "name": "House",
        "year": "1976",
        "theme_id": "413",
        "num_parts": "149",
        "img_url": "https://cdn.rebrickable.com/media/sets/weetabix3-1.jpg"
    },
    {
        "set_num": "WEETABIX4-1",
        "name": "House and Car",
        "year": "1976",
        "theme_id": "413",
        "num_parts": "147",
        "img_url": "https://cdn.rebrickable.com/media/sets/weetabix4-1.jpg"
    },
    {
        "set_num": "WEETABIX5-1",
        "name": "Weetabix Village",
        "year": "1976",
        "theme_id": "413",
        "num_parts": "0",
        "img_url": "https://cdn.rebrickable.com/media/sets/weetabix5-1.jpg"
    },
    {
        "set_num": "WHITEHOUSE-1",
        "name": "White House",
        "year": "2015",
        "theme_id": "598",
        "num_parts": "59",
        "img_url": "https://cdn.rebrickable.com/media/sets/whitehouse-1.jpg"
    },
    {
        "set_num": "WIESBADEN-1",
        "name": "\"LEGO Store Grand Opening Exclusive Set, Wiesbaden, Germany\"",
        "year": "2010",
        "theme_id": "408",
        "num_parts": "146",
        "img_url": "https://cdn.rebrickable.com/media/sets/wiesbaden-1.jpg"
    },
    {
        "set_num": "WIIGAME-1",
        "name": "Bionicle Heroes - Wii",
        "year": "2007",
        "theme_id": "742",
        "num_parts": "0",
        "img_url": "https://cdn.rebrickable.com/media/sets/wiigame-1.jpg"
    },
    {
        "set_num": "WIIGAME-3",
        "name": "Batman the Videogame - Wii",
        "year": "2008",
        "theme_id": "742",
        "num_parts": "0",
        "img_url": "https://cdn.rebrickable.com/media/sets/wiigame-3.jpg"
    },
    {
        "set_num": "WILLIAM-1",
        "name": "Will.i.am",
        "year": "2016",
        "theme_id": "535",
        "num_parts": "6",
        "img_url": "https://cdn.rebrickable.com/media/sets/william-1.jpg"
    },
    {
        "set_num": "WISHINGWELL-1",
        "name": "Wishing Well",
        "year": "2013",
        "theme_id": "494",
        "num_parts": "28",
        "img_url": "https://cdn.rebrickable.com/media/sets/wishingwell-1.jpg"
    },
    {
        "set_num": "WIZARD-CARDS-1",
        "name": "Wizard Cards Tiles",
        "year": "2021",
        "theme_id": "746",
        "num_parts": "16",
        "img_url": "https://cdn.rebrickable.com/media/sets/wizard-cards-1.jpg"
    },
    {
        "set_num": "WLB6701-1",
        "name": "Ninjago: Destiny's Bounty Adventure Box",
        "year": "2021",
        "theme_id": "497",
        "num_parts": "47",
        "img_url": "https://cdn.rebrickable.com/media/sets/wlb6701-1.jpg"
    },
    {
        "set_num": "WOODENELEPHANT-1",
        "name": "Original Wooden Elephant Pull-Along Toy and Print",
        "year": "2021",
        "theme_id": "683",
        "num_parts": "0",
        "img_url": "https://cdn.rebrickable.com/media/sets/woodenelephant-1.jpg"
    },
    {
        "set_num": "WWGP-1",
        "name": "Wild West Limited Edition Gift Pack",
        "year": "1996",
        "theme_id": "475",
        "num_parts": "0",
        "img_url": "https://cdn.rebrickable.com/media/sets/wwgp-1.jpg"
    },
    {
        "set_num": "XBOXGAME-1",
        "name": "Batman the Videogame - Xbox 360",
        "year": "2008",
        "theme_id": "742",
        "num_parts": "0",
        "img_url": "https://cdn.rebrickable.com/media/sets/xboxgame-1.jpg"
    },
    {
        "set_num": "XBOXGAME-2",
        "name": "Bionicle Heroes - Xbox 360",
        "year": "2006",
        "theme_id": "742",
        "num_parts": "0",
        "img_url": "https://cdn.rebrickable.com/media/sets/xboxgame-2.jpg"
    },
    {
        "set_num": "XBOXGAME-3",
        "name": "DC Super-Villains - Xbox One",
        "year": "2018",
        "theme_id": "742",
        "num_parts": "0",
        "img_url": "https://cdn.rebrickable.com/media/sets/xboxgame-3.jpg"
    },
    {
        "set_num": "XBOXGAME-9",
        "name": "Star Wars: The Video Game - Xbox",
        "year": "2005",
        "theme_id": "742",
        "num_parts": "0",
        "img_url": "https://cdn.rebrickable.com/media/sets/xboxgame-9.jpg"
    },
    {
        "set_num": "XMASTREE-1",
        "name": "Christmas Tree",
        "year": "2019",
        "theme_id": "410",
        "num_parts": "26",
        "img_url": "https://cdn.rebrickable.com/media/sets/xmastree-1.jpg"
    },
    {
        "set_num": "XWING-1",
        "name": "Mini X-Wing Fighter",
        "year": "2019",
        "theme_id": "158",
        "num_parts": "60",
        "img_url": "https://cdn.rebrickable.com/media/sets/xwing-1.jpg"
    },
    {
        "set_num": "XWING-2",
        "name": "X-Wing Trench Run",
        "year": "2019",
        "theme_id": "158",
        "num_parts": "52",
        "img_url": "https://cdn.rebrickable.com/media/sets/xwing-2.jpg"
    },
    {
        "set_num": "YODACHRON-1",
        "name": "Yoda Chronicles Promotional Set",
        "year": "2013",
        "theme_id": "158",
        "num_parts": "413",
        "img_url": "https://cdn.rebrickable.com/media/sets/yodachron-1.jpg"
    },
    {
        "set_num": "YTERRIER-1",
        "name": "Yorkshire Terrier",
        "year": "2018",
        "theme_id": "598",
        "num_parts": "0",
        "img_url": "https://cdn.rebrickable.com/media/sets/yterrier-1.jpg"
    }
]