[{
  "set_num": "XBOXGAME-3",
  "name": "DC Super-Villains - Xbox One",
  "year": "2018",
  "theme_id": "742",
  "num_parts": "0",
  "img_url": "https://cdn.rebrickable.com/media/sets/xboxgame-3.jpg"
},
{
  "set_num": "XBOXGAME-1",
  "name": "Batman the Videogame - Xbox 360",
  "year": "2008",
  "theme_id": "742",
  "num_parts": "0",
  "img_url": "https://cdn.rebrickable.com/media/sets/xboxgame-1.jpg"
},
{
  "set_num": "XBOXGAME-2",
  "name": "Bionicle Heroes - Xbox 360",
  "year": "2006",
  "theme_id": "742",
  "num_parts": "0",
  "img_url": "https://cdn.rebrickable.com/media/sets/xboxgame-2.jpg"
}
]